seq_id,daytime,scene,shake,static_target,moving_target,occlusion,crossing,distractor
1,白天,外场,有,有,无,无,无,有
2,白天,外场,无,有,有,有,有,无
3,白天,外场,无,有,有,无,无,有
4,白天,外场,无,有,有,无,无,有
5,白天,外场,有,有,有,有,有,无
6,白天,外场,有,有,有,有,无,无
7,白天,外场,有,无,有,有,无,无
8,白天,外场,无,有,无,有,无,有
9,白天,外场,无,有,无,有,无,无
10,白天,外场,有,有,有,无,有,无
11,白天,外场,无,有,有,无,无,无
12,白天,外场,无,有,有,有,有,无
13,白天,外场,有,无,有,有,无,无
14,白天,外场,无,无,有,有,无,无
15,白天,外场,无,无,有,有,无,无
16,白天,外场,无,无,有,有,无,有
17,白天,外场,无,无,有,有,有,有
18,白天,外场,无,有,有,有,无,无
19,白天,外场,无,无,有,有,有,无
20,白天,外场,无,有,有,有,无,无
21,白天,外场,无,有,有,有,无,无
22,白天,外场,有,有,有,有,无,无
23,白天,外场,有,无,有,有,无,无
24,白天,内场,无,有,有,有,无,无
25,白天,内场,有,有,有,有,无,有
26,白天,内场,无,有,有,无,无,无
27,白天,内场,有,有,有,有,无,无
28,白天,内场,无,有,有,有,无,无
29,白天,内场,无,有,有,无,无,无
30,白天,内场,无,有,有,无,无,无
31,白天,内场,无,有,有,无,无,有
32,白天,内场,无,有,有,有,无,无
33,白天,内场,有,有,有,有,无,有
34,白天,内场,无,有,有,无,无,无
35,白天,内场,无,有,有,有,无,有
36,白天,内场,无,有,有,有,无,有
37,白天,内场,有,有,有,有,无,有
38,白天,内场,无,有,有,有,无,有
39,白天,内场,无,有,有,有,无,有
40,白天,内场,无,有,有,有,无,无
41,傍晚,内场,有,有,无,无,无,无
42,傍晚,内场,有,有,无,无,无,有
43,傍晚,内场,无,有,有,有,无,有
44,傍晚,内场,无,有,有,有,无,有
45,傍晚,内场,无,有,有,有,无,有
46,傍晚,内场,有,有,有,有,无,有
47,傍晚,内场,无,有,有,有,有,有
48,傍晚,内场,无,有,有,无,无,有
49,傍晚,内场,无,有,有,无,无,有
50,傍晚,内场,无,有,有,无,无,有
51,傍晚,内场,有,有,有,无,无,有
52,傍晚,内场,无,有,有,无,无,无
53,傍晚,内场,有,有,有,无,无,有
54,傍晚,内场,无,有,有,有,无,有
55,傍晚,内场,无,有,有,无,无,有
56,傍晚,内场,无,有,有,无,有,有
57,傍晚,内场,无,有,有,无,无,有
58,傍晚,内场,有,有,有,无,无,有
59,傍晚,内场,有,有,有,有,无,有
60,傍晚,内场,有,有,有,无,无,有
61,傍晚,内场,无,有,有,无,无,有
62,傍晚,内场,无,有,有,无,无,有
63,傍晚,内场,有,有,有,有,有,有
64,傍晚,内场,无,有,有,有,无,有
65,傍晚,内场,无,有,有,有,无,有
66,傍晚,内场,无,有,有,有,无,有
67,傍晚,外场,有,有,有,有,无,无
68,傍晚,外场,无,无,有,无,无,无
69,傍晚,外场,无,无,有,无,无,有
70,傍晚,外场,无,有,有,无,无,有
71,傍晚,外场,无,无,有,无,无,无
72,傍晚,外场,无,无,有,有,无,无
73,傍晚,外场,无,有,有,无,无,有
74,傍晚,外场,无,有,有,无,无,有
75,傍晚,外场,无,无,有,无,无,无
76,傍晚,外场,无,无,有,无,有,无
77,白天,外场,无,有,有,有,无,无
78,白天,外场,无,有,有,无,无,有
79,白天,外场,有,有,无,有,无,有
80,白天,外场,无,无,有,有,有,无
81,白天,内场,无,有,有,有,无,无
82,白天,内场,无,无,有,无,无,有
83,白天,内场,有,有,有,有,无,无
84,傍晚,内场,无,有,有,有,无,有
85,傍晚,内场,无,有,有,无,无,有
86,傍晚,内场,有,有,有,有,无,有
87,傍晚,外场,无,无,有,无,无,无
